name	job	currency	gene	card	longitude	latitude	n	letters	identical_col
Kamilah Fay-Larson	Diagnostic radiographer		CCTTAGNCTCGTAGANATTTTCCTAANTGA		-178.1957659	-74.06048783	0.458079243	A	1
Tamya Mohr-Kub	Analytical chemist	JEP	TTNCCATATTNCNNATTTNAGGCGNCATGT	6.01E+18	-113.8728321	64.50682053	0.83229952	"B,C"	2
Stevan Bernhard	Arts administrator	BSD	ANCCTTNAGTCNTGGTNTNGGTNAATNGTN	3.34E+18	-152.7331266	-76.26050003	-0.338935731	C	1
Kenisha Reichel-Schinner	Manufacturing engineer	MYR	TGGGTANGANAGNCAANCNGNTNGTNCTAC		-3.145590881	-37.37793588	1.421140369	A	1
Pattie Dickinson	Radiation protection practitioner	JPY		3.11E+18	148.7205505	7.183144921	-1.883651488	"B,C"	1
Dr. Zandra Koss DDS	Hydrologist	KES	CCCTTNTTNGNGNGCACNANANNTNTTACC		17.72660187	-87.13902968	-1.635111895	C	1
Mr. Americo Harris II	"Scientist, clinical (histocompatibility and immunogenetics)"	KWD			43.4418239	-73.08040987	-0.333330083	A	1
Okey Macejkovic	Tax adviser	SYP			46.0175213	-38.39943494	1.329621592	"B,C"	1
Cato Boyle	Airline pilot	LYD	CCAGTGATTAAGGTNCCTATCNGNTTNANC		-130.6693262	26.9558406	1.033948492	C	1
NA	Legal executive	DOP		5.04E+14	-72.78824195	53.74784386	-0.918929778	A	1
Kara Osinski	Theatre stage manager	XOF	ANTCCTANATNNGTANNTCTATAGNTAGNT		144.2849999	85.36540136	0.491041631	"B,C"	1
Ocie Morissette	Curator	ANG		3.10E+18	-129.7240519	-49.45600446	0.148648079	C	1
Shena Eichmann	Site engineer	ALL	CGGCGNGGNNAANCCGCATGCAAGAACGNG		132.1095218	7.525005578	-1.974362221	A	1
Hayward Gulgowski	Medical physicist	AMD	TTNAGACGTTATCATCATNGCGTAGTTCCN	1.80E+17	120.1973062	-69.17278145	2.793693274	"B,C"	1
Rayan Lowe	Insurance claims handler	ANG	TNAAAGANCATNTCCCGNCGNGCGCCAGNT		85.6599331	-47.98963174	-0.644430414	C	1
	Company secretary	ZMW		6.01E+18	118.3886596	-78.07451898	-1.540561932	A	1
Hulda Reichel	Environmental health practitioner	SOS	AATGGTACTAACTCCGNCNCNCGTCAGAGT		126.9914039	-23.55747167	0.049531277	"B,C"	1
Kali Lueilwitz MD	Fine artist	MXN			-159.8495533	56.10948699	-0.662801858	C	1
Dr. Cynthia Langosh	"Engineer, petroleum"	NZD	CNGNNGNTTCCGAGCGTTNACCANAACTNC		-148.0678455	-64.02382409	-1.499414683	A	1
Valarie Franecki	Microbiologist	GHS			-30.30049933	-5.815494591	-0.277842684	"B,C"	1
Desiree Bosco	Travel agency manager	MMK			134.9978298	-75.0411013	-0.128107856	C	1
Dr. Yancy Parker	Hospital pharmacist	CUC			-38.23435566	57.20300642	-0.201098538	A	1
Dr. Pranav Walsh	"Nurse, children's"	SRD			112.1953384	-70.53648025	0.050441599	"B,C"	1
Ms. Layla Ward	Financial adviser	LSL	CNGANATAGGATTAGCAAGTANCNNNCTGT	4.89E+15	-62.5991018	-38.69977903	1.278727625	C	1
Gene Halvorson	"Programme researcher, broadcasting/film/video"	SEK	NAACGGGANNCNCNNNGTGNNCTCGNTGAN		-8.279181356	-29.85494372	-1.654308121	A	1
Bobby Bechtelar	"Biochemist, clinical"	ERN	GAACGCTTCCTGTGGNANGAGACTCGNNGN		-166.3451326	-40.98557976	-1.77664629	A	1
Everet Weimann	Insurance risk surveyor	LAK	NGAACAACANGAGTNNCAGATTGNCTTATG		165.916263	-53.31556192	-0.97387832	"B,C"	1
Johnna Feest-Thiel	Oncologist	PAB		8.70E+17	176.6155489	73.64028207	-0.66685856	C	1
Cortney Paucek	Airline pilot	PLN			20.97738219	46.14853644	0.94615237	A	1
Aditya Jakubowski	Restaurant manager	PEN			58.69201795	39.93936322	-1.372069351	"B,C"	1
Mrs. Aurelia Lehner DVM	Private music teacher	THB			-50.76402325	-78.80858984	-0.204987475	C	1
Lesta Hagenes	"Designer, multimedia"	HTG			-138.465196	-62.92810982	-0.899297995	A	1
Brielle Mante	"Programme researcher, broadcasting/film/video"	VND			-40.6338679	-8.565877229	0.895377792	"B,C"	1
Cornelius Morissette	Public relations account executive	MMK			166.3979438	18.17248031	1.282841073	C	1
Omari Koss	"Engineer, civil (contracting)"	BRL	GTACGCGTGTGTNGCNACAGCGNGATCTNC	3.48E+15	167.8348944	72.78862337	-0.709678536	A	1
Handy Botsford	Trade mark attorney	NZD			-151.2581608	-54.03497907	0.304094482	NA	1
Doctor Kohler	Public relations account executive	EGP			34.32334363	25.2979035	0.94867569	"A,C"	1
Humberto Heller II	Herbalist	CNY		3.34E+18	-59.82240468	28.2143163	0.38566122	"A,D"	1
Mr. Ebenezer Glover Sr.	Pharmacologist	ANG		5.13E+16	-59.83835964	-80.10739163	-1.620539784	"D,A"	1
Migdalia McCullough	"Chemist, analytical"	SHP	ATATGNNAACNTTATCNCNGGATNATCTCN		154.7156466	27.86723598	-0.025574436	NA	1
Mr. Kellan Torp Sr.	"Designer, exhibition/display"	AFN			-151.6487257	-74.37571423	0.214676076	NA	1
Mai Hessel-Mraz	Economist	TVD	NCTNCCACTCCNAAAGCTGNTTCTGCGCAN	6.76E+14	-135.4295802	88.09669568	-1.453932612	NA	1
Miss Danyell Boyle	Research scientist (medical)	IRR	NGTCCCTCNANGTCGTTTATNTTTCCTTGA	4.16E+15	-24.37629405	-33.27355016	0.547500916	A	1
Ms. Neva Wyman	Retail buyer	SDG	GGGCAANNGACGGNTGTCGNCGNNNNGCAC	8.70E+17	-42.80732062	-39.12001919	-0.285448378	C	1
Kathi Roberts	Meteorologist	AMD			98.35406561	-46.42997041	0.820815637	"A,C"	1
Abe Weissnat-Cartwright	"Nurse, mental health"	SDG		6.01E+18	-22.97798281	45.66721705	2.44826188	"A,D"	1
Abraham Reynolds	"Restaurant manager, fast food"	ERN	AANCCCNATAACATAATNNGTNGNGTTGCN	5.29E+16	163.8771666	22.26026894	-0.22980015	"D,A"	1
Ernie Steuber Jr.	"Administrator, Civil Service"	KZT	TGCGNAACNANACNTCAGGGNTCTGNGNNN		94.14746007	21.34352464	-0.232744519	"C,A"	1
Garfield Hickle	Textile designer	MYR	AGGCTATTATTTACNNCAGCCCGNNNNTGT		68.03354158	77.98370303	-0.769127074	"B,C"	1
Nelle Wiegand	Logistics and distribution manager	AOA	GAAGGGACGTTTATNTCCCTTTNCGNAGAA	3.53E+18	88.35819488	11.96220755	-0.30322174	"B,C"	1
Federico Wintheiser	Stage manager	KHR	CNTTACCAGNTGCCANGANATNTNGCGGNT		67.62515623	71.17931967	-0.002335731	"B,C"	1
Mr. Nelson Bogan	Printmaker	SZL	TATCTCTCTTTGTCGGNAATCAGNTAGGAT		-49.16545317	-31.61043473	-0.023948171	"B,C"	1
Dr. Ayden Cartwright V	"Merchandiser, retail"	SBD	NTTTCTGCTCNGNNCAGGTCTCCCCCGNGA		-140.9868025	-63.77186681	-1.135511993	NA	1
Shelby Kuphal	Archaeologist	ANG			-142.4391115	2.809229004	-0.709986351	"A,C"	1
Wilfred Schiller	Adult guidance worker	GHS			63.38173728	56.3319748	0.64144007	"A,D"	1
Mr. Jan Reilly DDS	Warden/ranger	MZN	NGTTGTNNCTTTTAGTCCTCNCTTTAGTTT		-113.9759976	-22.33891533	0.7291727	"D,A"	1
Dr. Dimitrios Cassin II	Special educational needs teacher	UYU			-112.1127471	82.37351061	-0.103498783	NA	1
Mrs. Lavon Schowalter	Clinical cytogeneticist	CAD		2.10E+17	-117.1581972	75.09993501	-0.567223119	NA	1
Dolly O'Reilly	Psychiatrist	AOA		2.10E+17	95.86391626	23.15614833	-2.109556802	NA	1
Percy Rolfson-Kuhlman	"Psychologist, occupational"	GYD	AGGCCANCTGGNTACGGGGTNGCATGTCGA		49.67073558	-56.4421672	-0.924265831	A	1
Kermit Schroeder	Tree surgeon	KGS		8.70E+17	63.78041161	71.69977848	-0.67212482	C	1
Gauge Leuschke	Environmental education officer	SHP	CGGGTACNTCTTGNCCNNCTGCNNGNANTC	6.30E+14	-81.88500512	24.64411292	-0.387942186	"A,C"	1
Ursula Howell	"Therapist, speech and language"	YER	ACCNCNAATACCTNATNTGTNNGNNCNGNN		68.63040693	-39.69003454	0.922607317	"A,D"	1
Neha Greenholt-Weimann	Environmental consultant	PEN		8.70E+17	-162.3054929	-54.39431797	-0.07798884	"D,A"	1
Cherrelle Botsford	"Psychologist, sport and exercise"	MYR		2.10E+17	154.6664924	-24.25783677	-0.222466147	"C,A"	1
Sharon Waelchi MD	Chartered legal executive (England and Wales)	MAD			168.7942793	-7.662302242	0.098046726	"B,C"	1
Therese Lynch	Prison officer	MYR	GGCNTTTAAGTCANTGGTGTCCGNTGCTGN	4.09E+15	-7.747124964	73.55133126	0.429703635	NA	1
Gordon Kutch-Turner	Hotel manager	XPF			-54.76934192	-63.85204788	0.088360276	"A,B,C,D"	1
Victoria Schaefer	Software engineer	AED		6.05E+13	-54.10293971	-46.49192629	0.727984063	"B,C"	1
Queen Hoeger DVM	"Surveyor, mining"	SPL	AAAATNTGAANCAGCNTNGNTAAGGAGGTT	3.05E+15	-172.2009445	-68.05679763	-1.117581146	"B,C"	1
Cannie Jacobs	Photographer	WST	GAAAGCAGATAACCCGCTCCATNTNNGGNA		-63.37914753	22.23976139	-0.84712566	"B,C"	1
Willaim Quitzon	"Loss adjuster, chartered"	CRC		2.10E+17	18.18323957	82.42594675	-0.283999484	"A,C"	1
Dr. Medora Barton	Media planner	ZMW		6.01E+18	-96.40293139	-70.10803516	0.19279465	"A,D"	1
Dr. Brooks Dare V	Chief Marketing Officer	SRD	ACGCGCNATGAGGTNACATCGTNAATCGGG		-40.38085889	35.54451928	0.62942771	"D,A"	1
Mr. Isaiah Kuphal Jr.	Chief Executive Officer	HRK	ANGTCATGTNGGTGTCANAGNNAGNGACTA	5.14E+16	-31.56881573	-51.42794064	-1.058087268	NA	1
Coen Eichmann	Farm manager	STD			147.4788141	-82.08353373	0.603444736	NA	1
Dr. Connie Torphy MD	Careers adviser	TWD	CGTTNGACNTTTTNTGTCCCNNANAGTAAT		-156.0964683	0.795297981	1.575914892	NA	1
Jewell Zemlak-Heathcote	"Social research officer, government"	SOS			119.6379116	55.11779607	-1.384295182	NA	1
Olivine Willms	Human resources officer	NPR	CCGGTTGGTTTNANTGCANCANCANGGCTC		7.800994702	-85.65778444	1.443103932	NA	1
Anabella Turner-Fisher	"Development worker, community"	USD			12.8529006	58.40002501	1.58565477	"A,C"	1
Mr. Arnett Mayert	"Surveyor, building control"	KZT		6.76E+14	62.94888441	-52.55419874	-1.101986949	"A,D"	1
Darian Dach	Passenger transport manager	PAB	NNTGNGCTCCNTTGCNAANTCGNGANAGGN		42.51540693	-58.93927609	-0.748975099	"D,A"	1
Casie Marvin	Regulatory affairs officer	FJD			-66.52311366	-72.96461195	2.6203096	NA	1
Kassidy Ledner	"Programmer, applications"	LYD		4.54E+15	87.38979757	3.445337084	0.844666064	NA	1
Cassandra Fay	Ship broker	PLN	AAGTANATTGATNGTCANCGNCCNTCTACT	4.86E+15	-167.3162603	-81.59986346	-0.989150851	NA	1
Lonzo Corwin	"Surveyor, minerals"	SBD			46.0652311	-30.01424288	1.155660047	NA	1
Raquel Miller	Arboriculturist	SGD	TNACTCCTATTACGGTCAGCTANATTTNAC		-70.21961175	24.23069092	5.59E-05	NA	1
Jule Larkin	Medical secretary	HNL		6.01E+18	22.06922106	-20.88082225	-0.647015296	"A,C"	1
Cami Ullrich-Boehm	Consulting civil engineer	GNF	AGCACGNGGANGACATAAGGAGCCATNNCN		-120.1072997	-17.70935954	-0.922506765	"A,D"	1
Josephus Tillman	Insurance underwriter	BIF	AAAANNANATNTACCNTNCCACGCGCCCGA		-65.43590605	-53.7611371	-0.096167964	"D,A"	1
Angus Ruecker	Civil Service fast streamer	CHF	AGGGCNTNGTGCTCNNCAGGCAANTCAGAC	2.10E+17	85.92020268	64.68997434	-0.614192549	NA	1
Art Hilpert	"Copywriter, advertising"	SPL		3.42E+15	-0.461600209	-22.68297799	0.238086757	NA	1
Mr. Freddie Gerhold	"Producer, television/film/video"	HTG			-97.00040166	-10.94377496	0.514435125	NA	1
Anton Hills	Museum/gallery conservator	KGS			-49.97870707	66.07591352	-1.880174078	NA	1
Mr. Bailey Mosciski MD	Operational researcher	GYD			-56.22059762	57.11331951	-0.156001626	NA	1
Nira Kshlerin	Leisure centre manager	BMD		4.08E+15	-160.3107302	-57.0901112	-1.280594971	"A,C"	1
Finnegan Runolfsson	Contracting civil engineer	PKR			153.4334148	12.8285088	-1.223163513	"A,D"	1
Shelva Zemlak MD	Television floor manager	AED		6.30E+14	-72.82046693	-25.7893694	0.748388059	"D,A"	1
Cosmo Kunze	"Scientist, water quality"	RUB	NNCNNCCTANCTGCTATAANTCGNNGTATC	1.80E+17	-46.11707434	-21.26820213	-1.245542641	NA	1
Jaleel Jones-McKenzie	Volunteer coordinator	BDT		3.11E+18	-45.95350066	-32.14275892	-0.873557483	NA	1